[{"indicator": {"id": "AG.LND.FRST.ZS", "value": "Forest area (% of land area)"}, "country": {"id": "BR", "value": "Brazil"}, "countryiso3code": "BRA", "date": "2023", "value": 58.9818729765235, "unit": "", "obs_status": "", "decimal": 1}, {"indicator": {"id": "AG.LND.FRST.ZS", "value": "Forest area (% of land area)"}, "country": {"id": "BR", "value": "Brazil"}, "countryiso3code": "BRA", "date": "2022", "value": 59.1275092305226, "unit": "", "obs_status": "", "decimal": 1}, {"indicator": {"id": "AG.LND.FRST.ZS", "value": "Forest area (% of land area)"}, "country": {"id": "BR", "value": "Brazil"}, "countryiso3code": "BRA", "date": "2021", "value": 59.2704836243471, "unit": "", "obs_status": "", "decimal": 1}, {"indicator": {"id": "AG.LND.FRST.ZS", "value": "Forest area (% of land area)"}, "country": {"id": "BR", "value": "Brazil"}, "countryiso3code": "BRA", "date": "2020", "value": 59.4174780513368, "unit": "", "obs_status": "", "decimal": 1}, {"indicator": {"id": "AG.LND.FRST.ZS", "value": "Forest area (% of land area)"}, "country": {"id": "BR", "value": "Brazil"}, "countryiso3code": "BRA", "date": "2019", "value": 59.5585860011916, "unit": "", "obs_status": "", "decimal": 1}, {"indicator": {"id": "AG.LND.FRST.ZS", "value": "Forest area (% of land area)"}, "country": {"id": "BR", "value": "Brazil"}, "countryiso3code": "BRA", "date": "2018", "value": 59.7083800941358, "unit": "", "obs_status": "", "decimal": 1}, {"indicator": {"id": "AG.LND.FRST.ZS", "value": "Forest area (% of land area)"}, "country": {"id": "BR", "value": "Brazil"}, "countryiso3code": "BRA", "date": "2017", "value": 59.8329293359527, "unit": "", "obs_status": "", "decimal": 1}, {"indicator": {"id": "AG.LND.FRST.ZS", "value": "Forest area (% of land area)"}, "country": {"id": "BR", "value": "Brazil"}, "countryiso3code": "BRA", "date": "2016", "value": 60.0710205859198, "unit": "", "obs_status": "", "decimal": 1}, {"indicator": {"id": "AG.LND.FRST.ZS", "value": "Forest area (% of land area)"}, "country": {"id": "BR", "value": "Brazil"}, "countryiso3code": "BRA", "date": "2015", "value": 60.2867384370207, "unit": "", "obs_status": "", "decimal": 1}, {"indicator": {"id": "AG.LND.FRST.ZS", "value": "Forest area (% of land area)"}, "country": {"id": "BR", "value": "Brazil"}, "countryiso3code": "BRA", "date": "2014", "value": 60.4708679203746, "unit": "", "obs_status": "", "decimal": 1}, {"indicator": {"id": "AG.LND.FRST.ZS", "value": "Forest area (% of land area)"}, "country": {"id": "BR", "value": "Brazil"}, "countryiso3code": "BRA", "date": "2013", "value": 60.6550213324974, "unit": "", "obs_status": "", "decimal": 1}, {"indicator": {"id": "AG.LND.FRST.ZS", "value": "Forest area (% of land area)"}, "country": {"id": "BR", "value": "Brazil"}, "countryiso3code": "BRA", "date": "2012", "value": 60.8391747446202, "unit": "", "obs_status": "", "decimal": 1}, {"indicator": {"id": "AG.LND.FRST.ZS", "value": "Forest area (% of land area)"}, "country": {"id": "BR", "value": "Brazil"}, "countryiso3code": "BRA", "date": "2011", "value": 61.023328156743, "unit": "", "obs_status": "", "decimal": 1}, {"indicator": {"id": "AG.LND.FRST.ZS", "value": "Forest area (% of land area)"}, "country": {"id": "BR", "value": "Brazil"}, "countryiso3code": "BRA", "date": "2010", "value": 61.2074815688658, "unit": "", "obs_status": "", "decimal": 1}, {"indicator": {"id": "AG.LND.FRST.ZS", "value": "Forest area (% of land area)"}, "country": {"id": "BR", "value": "Brazil"}, "countryiso3code": "BRA", "date": "2009", "value": 61.6801692721108, "unit": "", "obs_status": "", "decimal": 1}, {"indicator": {"id": "AG.LND.FRST.ZS", "value": "Forest area (% of land area)"}, "country": {"id": "BR", "value": "Brazil"}, "countryiso3code": "BRA", "date": "2008", "value": 62.1528569753558, "unit": "", "obs_status": "", "decimal": 1}, {"indicator": {"id": "AG.LND.FRST.ZS", "value": "Forest area (% of land area)"}, "country": {"id": "BR", "value": "Brazil"}, "countryiso3code": "BRA", "date": "2007", "value": 62.6255446786007, "unit": "", "obs_status": "", "decimal": 1}, {"indicator": {"id": "AG.LND.FRST.ZS", "value": "Forest area (% of land area)"}, "country": {"id": "BR", "value": "Brazil"}, "countryiso3code": "BRA", "date": "2006", "value": 63.0982323818457, "unit": "", "obs_status": "", "decimal": 1}, {"indicator": {"id": "AG.LND.FRST.ZS", "value": "Forest area (% of land area)"}, "country": {"id": "BR", "value": "Brazil"}, "countryiso3code": "BRA", "date": "2005", "value": 63.5709200850907, "unit": "", "obs_status": "", "decimal": 1}, {"indicator": {"id": "AG.LND.FRST.ZS", "value": "Forest area (% of land area)"}, "country": {"id": "BR", "value": "Brazil"}, "countryiso3code": "BRA", "date": "2004", "value": 64.0436077883357, "unit": "", "obs_status": "", "decimal": 1}, {"indicator": {"id": "AG.LND.FRST.ZS", "value": "Forest area (% of land area)"}, "country": {"id": "BR", "value": "Brazil"}, "countryiso3code": "BRA", "date": "2003", "value": 64.5162954915806, "unit": "", "obs_status": "", "decimal": 1}, {"indicator": {"id": "AG.LND.FRST.ZS", "value": "Forest area (% of land area)"}, "country": {"id": "BR", "value": "Brazil"}, "countryiso3code": "BRA", "date": "2002", "value": 64.9889831948257, "unit": "", "obs_status": "", "decimal": 1}, {"indicator": {"id": "AG.LND.FRST.ZS", "value": "Forest area (% of land area)"}, "country": {"id": "BR", "value": "Brazil"}, "countryiso3code": "BRA", "date": "2001", "value": 65.4616708980706, "unit": "", "obs_status": "", "decimal": 1}, {"indicator": {"id": "AG.LND.FRST.ZS", "value": "Forest area (% of land area)"}, "country": {"id": "BR", "value": "Brazil"}, "countryiso3code": "BRA", "date": "2000", "value": 65.9343586013156, "unit": "", "obs_status": "", "decimal": 1}]