[{"indicator": {"id": "AG.LND.AGRI.ZS", "value": "Agricultural land (% of land area)"}, "country": {"id": "BR", "value": "Brazil"}, "countryiso3code": "BRA", "date": "2023", "value": 28.3267329812614, "unit": "", "obs_status": "", "decimal": 1}, {"indicator": {"id": "AG.LND.AGRI.ZS", "value": "Agricultural land (% of land area)"}, "country": {"id": "BR", "value": "Brazil"}, "countryiso3code": "BRA", "date": "2022", "value": 28.3267329812614, "unit": "", "obs_status": "", "decimal": 1}, {"indicator": {"id": "AG.LND.AGRI.ZS", "value": "Agricultural land (% of land area)"}, "country": {"id": "BR", "value": "Brazil"}, "countryiso3code": "BRA", "date": "2021", "value": 28.3296044335223, "unit": "", "obs_status": "", "decimal": 1}, {"indicator": {"id": "AG.LND.AGRI.ZS", "value": "Agricultural land (% of land area)"}, "country": {"id": "BR", "value": "Brazil"}, "countryiso3code": "BRA", "date": "2020", "value": 28.3324758857832, "unit": "", "obs_status": "", "decimal": 1}, {"indicator": {"id": "AG.LND.AGRI.ZS", "value": "Agricultural land (% of land area)"}, "country": {"id": "BR", "value": "Brazil"}, "countryiso3code": "BRA", "date": "2019", "value": 28.3353473380441, "unit": "", "obs_status": "", "decimal": 1}, {"indicator": {"id": "AG.LND.AGRI.ZS", "value": "Agricultural land (% of land area)"}, "country": {"id": "BR", "value": "Brazil"}, "countryiso3code": "BRA", "date": "2018", "value": 28.338218790305, "unit": "", "obs_status": "", "decimal": 1}, {"indicator": {"id": "AG.LND.AGRI.ZS", "value": "Agricultural land (% of land area)"}, "country": {"id": "BR", "value": "Brazil"}, "countryiso3code": "BRA", "date": "2017", "value": 28.3411141713348, "unit": "", "obs_status": "", "decimal": 1}, {"indicator": {"id": "AG.LND.AGRI.ZS", "value": "Agricultural land (% of land area)"}, "country": {"id": "BR", "value": "Brazil"}, "countryiso3code": "BRA", "date": "2016", "value": 28.2549706035075, "unit": "", "obs_status": "", "decimal": 1}, {"indicator": {"id": "AG.LND.AGRI.ZS", "value": "Agricultural land (% of land area)"}, "country": {"id": "BR", "value": "Brazil"}, "countryiso3code": "BRA", "date": "2015", "value": 28.168707391836, "unit": "", "obs_status": "", "decimal": 1}, {"indicator": {"id": "AG.LND.AGRI.ZS", "value": "Agricultural land (% of land area)"}, "country": {"id": "BR", "value": "Brazil"}, "countryiso3code": "BRA", "date": "2014", "value": 28.0824920377022, "unit": "", "obs_status": "", "decimal": 1}, {"indicator": {"id": "AG.LND.AGRI.ZS", "value": "Agricultural land (% of land area)"}, "country": {"id": "BR", "value": "Brazil"}, "countryiso3code": "BRA", "date": "2013", "value": 27.9962527547995, "unit": "", "obs_status": "", "decimal": 1}, {"indicator": {"id": "AG.LND.AGRI.ZS", "value": "Agricultural land (% of land area)"}, "country": {"id": "BR", "value": "Brazil"}, "countryiso3code": "BRA", "date": "2012", "value": 27.9100134718969, "unit": "", "obs_status": "", "decimal": 1}, {"indicator": {"id": "AG.LND.AGRI.ZS", "value": "Agricultural land (% of land area)"}, "country": {"id": "BR", "value": "Brazil"}, "countryiso3code": "BRA", "date": "2011", "value": 27.8237741889942, "unit": "", "obs_status": "", "decimal": 1}, {"indicator": {"id": "AG.LND.AGRI.ZS", "value": "Agricultural land (% of land area)"}, "country": {"id": "BR", "value": "Brazil"}, "countryiso3code": "BRA", "date": "2010", "value": 27.7375349060916, "unit": "", "obs_status": "", "decimal": 1}, {"indicator": {"id": "AG.LND.AGRI.ZS", "value": "Agricultural land (% of land area)"}, "country": {"id": "BR", "value": "Brazil"}, "countryiso3code": "BRA", "date": "2009", "value": 27.6512956231889, "unit": "", "obs_status": "", "decimal": 1}, {"indicator": {"id": "AG.LND.AGRI.ZS", "value": "Agricultural land (% of land area)"}, "country": {"id": "BR", "value": "Brazil"}, "countryiso3code": "BRA", "date": "2008", "value": 27.5650563402862, "unit": "", "obs_status": "", "decimal": 1}, {"indicator": {"id": "AG.LND.AGRI.ZS", "value": "Agricultural land (% of land area)"}, "country": {"id": "BR", "value": "Brazil"}, "countryiso3code": "BRA", "date": "2007", "value": 27.4788170573836, "unit": "", "obs_status": "", "decimal": 1}, {"indicator": {"id": "AG.LND.AGRI.ZS", "value": "Agricultural land (% of land area)"}, "country": {"id": "BR", "value": "Brazil"}, "countryiso3code": "BRA", "date": "2006", "value": 27.3925777744809, "unit": "", "obs_status": "", "decimal": 1}, {"indicator": {"id": "AG.LND.AGRI.ZS", "value": "Agricultural land (% of land area)"}, "country": {"id": "BR", "value": "Brazil"}, "countryiso3code": "BRA", "date": "2005", "value": 27.3795365954626, "unit": "", "obs_status": "", "decimal": 1}, {"indicator": {"id": "AG.LND.AGRI.ZS", "value": "Agricultural land (% of land area)"}, "country": {"id": "BR", "value": "Brazil"}, "countryiso3code": "BRA", "date": "2004", "value": 27.3671295288186, "unit": "", "obs_status": "", "decimal": 1}, {"indicator": {"id": "AG.LND.AGRI.ZS", "value": "Agricultural land (% of land area)"}, "country": {"id": "BR", "value": "Brazil"}, "countryiso3code": "BRA", "date": "2003", "value": 27.3547224621746, "unit": "", "obs_status": "", "decimal": 1}, {"indicator": {"id": "AG.LND.AGRI.ZS", "value": "Agricultural land (% of land area)"}, "country": {"id": "BR", "value": "Brazil"}, "countryiso3code": "BRA", "date": "2002", "value": 27.3423153955306, "unit": "", "obs_status": "", "decimal": 1}, {"indicator": {"id": "AG.LND.AGRI.ZS", "value": "Agricultural land (% of land area)"}, "country": {"id": "BR", "value": "Brazil"}, "countryiso3code": "BRA", "date": "2001", "value": 27.3299083288866, "unit": "", "obs_status": "", "decimal": 1}, {"indicator": {"id": "AG.LND.AGRI.ZS", "value": "Agricultural land (% of land area)"}, "country": {"id": "BR", "value": "Brazil"}, "countryiso3code": "BRA", "date": "2000", "value": 27.3175012622426, "unit": "", "obs_status": "", "decimal": 1}]