[{"indicator": {"id": "AG.LND.AGRI.ZS", "value": "Agricultural land (% of land area)"}, "country": {"id": "IN", "value": "India"}, "countryiso3code": "IND", "date": "2023", "value": 60.0604064994165, "unit": "", "obs_status": "", "decimal": 1}, {"indicator": {"id": "AG.LND.AGRI.ZS", "value": "Agricultural land (% of land area)"}, "country": {"id": "IN", "value": "India"}, "countryiso3code": "IND", "date": "2022", "value": 60.0555856504293, "unit": "", "obs_status": "", "decimal": 1}, {"indicator": {"id": "AG.LND.AGRI.ZS", "value": "Agricultural land (% of land area)"}, "country": {"id": "IN", "value": "India"}, "countryiso3code": "IND", "date": "2021", "value": 60.0507647678083, "unit": "", "obs_status": "", "decimal": 1}, {"indicator": {"id": "AG.LND.AGRI.ZS", "value": "Agricultural land (% of land area)"}, "country": {"id": "IN", "value": "India"}, "countryiso3code": "IND", "date": "2020", "value": 60.0459439188212, "unit": "", "obs_status": "", "decimal": 1}, {"indicator": {"id": "AG.LND.AGRI.ZS", "value": "Agricultural land (% of land area)"}, "country": {"id": "IN", "value": "India"}, "countryiso3code": "IND", "date": "2019", "value": 60.2198312250478, "unit": "", "obs_status": "", "decimal": 1}, {"indicator": {"id": "AG.LND.AGRI.ZS", "value": "Agricultural land (% of land area)"}, "country": {"id": "IN", "value": "India"}, "countryiso3code": "IND", "date": "2018", "value": 60.2437112999842, "unit": "", "obs_status": "", "decimal": 1}, {"indicator": {"id": "AG.LND.AGRI.ZS", "value": "Agricultural land (% of land area)"}, "country": {"id": "IN", "value": "India"}, "countryiso3code": "IND", "date": "2017", "value": 60.2840719900175, "unit": "", "obs_status": "", "decimal": 1}, {"indicator": {"id": "AG.LND.AGRI.ZS", "value": "Agricultural land (% of land area)"}, "country": {"id": "IN", "value": "India"}, "countryiso3code": "IND", "date": "2016", "value": 60.3990999566123, "unit": "", "obs_status": "", "decimal": 1}, {"indicator": {"id": "AG.LND.AGRI.ZS", "value": "Agricultural land (% of land area)"}, "country": {"id": "IN", "value": "India"}, "countryiso3code": "IND", "date": "2015", "value": 60.4317248477225, "unit": "", "obs_status": "", "decimal": 1}, {"indicator": {"id": "AG.LND.AGRI.ZS", "value": "Agricultural land (% of land area)"}, "country": {"id": "IN", "value": "India"}, "countryiso3code": "IND", "date": "2014", "value": 60.4495508191538, "unit": "", "obs_status": "", "decimal": 1}, {"indicator": {"id": "AG.LND.AGRI.ZS", "value": "Agricultural land (% of land area)"}, "country": {"id": "IN", "value": "India"}, "countryiso3code": "IND", "date": "2013", "value": 60.4394606466455, "unit": "", "obs_status": "", "decimal": 1}, {"indicator": {"id": "AG.LND.AGRI.ZS", "value": "Agricultural land (% of land area)"}, "country": {"id": "IN", "value": "India"}, "countryiso3code": "IND", "date": "2012", "value": 60.4206256579633, "unit": "", "obs_status": "", "decimal": 1}, {"indicator": {"id": "AG.LND.AGRI.ZS", "value": "Agricultural land (% of land area)"}, "country": {"id": "IN", "value": "India"}, "countryiso3code": "IND", "date": "2011", "value": 60.4300431523044, "unit": "", "obs_status": "", "decimal": 1}, {"indicator": {"id": "AG.LND.AGRI.ZS", "value": "Agricultural land (% of land area)"}, "country": {"id": "IN", "value": "India"}, "countryiso3code": "IND", "date": "2010", "value": 60.3974182611942, "unit": "", "obs_status": "", "decimal": 1}, {"indicator": {"id": "AG.LND.AGRI.ZS", "value": "Agricultural land (% of land area)"}, "country": {"id": "IN", "value": "India"}, "countryiso3code": "IND", "date": "2009", "value": 60.5639061075814, "unit": "", "obs_status": "", "decimal": 1}, {"indicator": {"id": "AG.LND.AGRI.ZS", "value": "Agricultural land (% of land area)"}, "country": {"id": "IN", "value": "India"}, "countryiso3code": "IND", "date": "2008", "value": 60.4593046525785, "unit": "", "obs_status": "", "decimal": 1}, {"indicator": {"id": "AG.LND.AGRI.ZS", "value": "Agricultural land (% of land area)"}, "country": {"id": "IN", "value": "India"}, "countryiso3code": "IND", "date": "2007", "value": 60.4132261981239, "unit": "", "obs_status": "", "decimal": 1}, {"indicator": {"id": "AG.LND.AGRI.ZS", "value": "Agricultural land (% of land area)"}, "country": {"id": "IN", "value": "India"}, "countryiso3code": "IND", "date": "2006", "value": 60.5094191760365, "unit": "", "obs_status": "", "decimal": 1}, {"indicator": {"id": "AG.LND.AGRI.ZS", "value": "Agricultural land (% of land area)"}, "country": {"id": "IN", "value": "India"}, "countryiso3code": "IND", "date": "2005", "value": 60.5834137744308, "unit": "", "obs_status": "", "decimal": 1}, {"indicator": {"id": "AG.LND.AGRI.ZS", "value": "Agricultural land (% of land area)"}, "country": {"id": "IN", "value": "India"}, "countryiso3code": "IND", "date": "2004", "value": 60.6671622062499, "unit": "", "obs_status": "", "decimal": 1}, {"indicator": {"id": "AG.LND.AGRI.ZS", "value": "Agricultural land (% of land area)"}, "country": {"id": "IN", "value": "India"}, "countryiso3code": "IND", "date": "2003", "value": 60.6247834817149, "unit": "", "obs_status": "", "decimal": 1}, {"indicator": {"id": "AG.LND.AGRI.ZS", "value": "Agricultural land (% of land area)"}, "country": {"id": "IN", "value": "India"}, "countryiso3code": "IND", "date": "2002", "value": 60.7293849367178, "unit": "", "obs_status": "", "decimal": 1}, {"indicator": {"id": "AG.LND.AGRI.ZS", "value": "Agricultural land (% of land area)"}, "country": {"id": "IN", "value": "India"}, "countryiso3code": "IND", "date": "2001", "value": 60.7048321836142, "unit": "", "obs_status": "", "decimal": 1}, {"indicator": {"id": "AG.LND.AGRI.ZS", "value": "Agricultural land (% of land area)"}, "country": {"id": "IN", "value": "India"}, "countryiso3code": "IND", "date": "2000", "value": 60.8689656564162, "unit": "", "obs_status": "", "decimal": 1}]