[{"indicator": {"id": "AG.LND.FRST.ZS", "value": "Forest area (% of land area)"}, "country": {"id": "IN", "value": "India"}, "countryiso3code": "IND", "date": "2023", "value": 24.5390304689576, "unit": "", "obs_status": "", "decimal": 1}, {"indicator": {"id": "AG.LND.FRST.ZS", "value": "Forest area (% of land area)"}, "country": {"id": "IN", "value": "India"}, "countryiso3code": "IND", "date": "2022", "value": 24.4494970049005, "unit": "", "obs_status": "", "decimal": 1}, {"indicator": {"id": "AG.LND.FRST.ZS", "value": "Forest area (% of land area)"}, "country": {"id": "IN", "value": "India"}, "countryiso3code": "IND", "date": "2021", "value": 24.3596944695764, "unit": "", "obs_status": "", "decimal": 1}, {"indicator": {"id": "AG.LND.FRST.ZS", "value": "Forest area (% of land area)"}, "country": {"id": "IN", "value": "India"}, "countryiso3code": "IND", "date": "2020", "value": 24.270228273336, "unit": "", "obs_status": "", "decimal": 1}, {"indicator": {"id": "AG.LND.FRST.ZS", "value": "Forest area (% of land area)"}, "country": {"id": "IN", "value": "India"}, "countryiso3code": "IND", "date": "2019", "value": 24.1807620770956, "unit": "", "obs_status": "", "decimal": 1}, {"indicator": {"id": "AG.LND.FRST.ZS", "value": "Forest area (% of land area)"}, "country": {"id": "IN", "value": "India"}, "countryiso3code": "IND", "date": "2018", "value": 24.0909595417716, "unit": "", "obs_status": "", "decimal": 1}, {"indicator": {"id": "AG.LND.FRST.ZS", "value": "Forest area (% of land area)"}, "country": {"id": "IN", "value": "India"}, "countryiso3code": "IND", "date": "2017", "value": 24.0014933455312, "unit": "", "obs_status": "", "decimal": 1}, {"indicator": {"id": "AG.LND.FRST.ZS", "value": "Forest area (% of land area)"}, "country": {"id": "IN", "value": "India"}, "countryiso3code": "IND", "date": "2016", "value": 23.9116908102072, "unit": "", "obs_status": "", "decimal": 1}, {"indicator": {"id": "AG.LND.FRST.ZS", "value": "Forest area (% of land area)"}, "country": {"id": "IN", "value": "India"}, "countryiso3code": "IND", "date": "2015", "value": 23.8222246139668, "unit": "", "obs_status": "", "decimal": 1}, {"indicator": {"id": "AG.LND.FRST.ZS", "value": "Forest area (% of land area)"}, "country": {"id": "IN", "value": "India"}, "countryiso3code": "IND", "date": "2014", "value": 23.732623882093, "unit": "", "obs_status": "", "decimal": 1}, {"indicator": {"id": "AG.LND.FRST.ZS", "value": "Forest area (% of land area)"}, "country": {"id": "IN", "value": "India"}, "countryiso3code": "IND", "date": "2013", "value": 23.6430231502191, "unit": "", "obs_status": "", "decimal": 1}, {"indicator": {"id": "AG.LND.FRST.ZS", "value": "Forest area (% of land area)"}, "country": {"id": "IN", "value": "India"}, "countryiso3code": "IND", "date": "2012", "value": 23.5534224183453, "unit": "", "obs_status": "", "decimal": 1}, {"indicator": {"id": "AG.LND.FRST.ZS", "value": "Forest area (% of land area)"}, "country": {"id": "IN", "value": "India"}, "countryiso3code": "IND", "date": "2011", "value": 23.4638216864714, "unit": "", "obs_status": "", "decimal": 1}, {"indicator": {"id": "AG.LND.FRST.ZS", "value": "Forest area (% of land area)"}, "country": {"id": "IN", "value": "India"}, "countryiso3code": "IND", "date": "2010", "value": 23.3742209545976, "unit": "", "obs_status": "", "decimal": 1}, {"indicator": {"id": "AG.LND.FRST.ZS", "value": "Forest area (% of land area)"}, "country": {"id": "IN", "value": "India"}, "countryiso3code": "IND", "date": "2009", "value": 23.3101483591698, "unit": "", "obs_status": "", "decimal": 1}, {"indicator": {"id": "AG.LND.FRST.ZS", "value": "Forest area (% of land area)"}, "country": {"id": "IN", "value": "India"}, "countryiso3code": "IND", "date": "2008", "value": 23.246075763742, "unit": "", "obs_status": "", "decimal": 1}, {"indicator": {"id": "AG.LND.FRST.ZS", "value": "Forest area (% of land area)"}, "country": {"id": "IN", "value": "India"}, "countryiso3code": "IND", "date": "2007", "value": 23.1820031683142, "unit": "", "obs_status": "", "decimal": 1}, {"indicator": {"id": "AG.LND.FRST.ZS", "value": "Forest area (% of land area)"}, "country": {"id": "IN", "value": "India"}, "countryiso3code": "IND", "date": "2006", "value": 23.1179305728864, "unit": "", "obs_status": "", "decimal": 1}, {"indicator": {"id": "AG.LND.FRST.ZS", "value": "Forest area (% of land area)"}, "country": {"id": "IN", "value": "India"}, "countryiso3code": "IND", "date": "2005", "value": 23.0538579774586, "unit": "", "obs_status": "", "decimal": 1}, {"indicator": {"id": "AG.LND.FRST.ZS", "value": "Forest area (% of land area)"}, "country": {"id": "IN", "value": "India"}, "countryiso3code": "IND", "date": "2004", "value": 22.9897853820307, "unit": "", "obs_status": "", "decimal": 1}, {"indicator": {"id": "AG.LND.FRST.ZS", "value": "Forest area (% of land area)"}, "country": {"id": "IN", "value": "India"}, "countryiso3code": "IND", "date": "2003", "value": 22.9257127866029, "unit": "", "obs_status": "", "decimal": 1}, {"indicator": {"id": "AG.LND.FRST.ZS", "value": "Forest area (% of land area)"}, "country": {"id": "IN", "value": "India"}, "countryiso3code": "IND", "date": "2002", "value": 22.8616401911751, "unit": "", "obs_status": "", "decimal": 1}, {"indicator": {"id": "AG.LND.FRST.ZS", "value": "Forest area (% of land area)"}, "country": {"id": "IN", "value": "India"}, "countryiso3code": "IND", "date": "2001", "value": 22.7975675957473, "unit": "", "obs_status": "", "decimal": 1}, {"indicator": {"id": "AG.LND.FRST.ZS", "value": "Forest area (% of land area)"}, "country": {"id": "IN", "value": "India"}, "countryiso3code": "IND", "date": "2000", "value": 22.7334950003195, "unit": "", "obs_status": "", "decimal": 1}]