[{"indicator": {"id": "AG.LND.AGRI.ZS", "value": "Agricultural land (% of land area)"}, "country": {"id": "ZA", "value": "South Africa"}, "countryiso3code": "ZAF", "date": "2023", "value": 79.4178502831612, "unit": "", "obs_status": "", "decimal": 1}, {"indicator": {"id": "AG.LND.AGRI.ZS", "value": "Agricultural land (% of land area)"}, "country": {"id": "ZA", "value": "South Africa"}, "countryiso3code": "ZAF", "date": "2022", "value": 79.4178502831612, "unit": "", "obs_status": "", "decimal": 1}, {"indicator": {"id": "AG.LND.AGRI.ZS", "value": "Agricultural land (% of land area)"}, "country": {"id": "ZA", "value": "South Africa"}, "countryiso3code": "ZAF", "date": "2021", "value": 79.4178502831612, "unit": "", "obs_status": "", "decimal": 1}, {"indicator": {"id": "AG.LND.AGRI.ZS", "value": "Agricultural land (% of land area)"}, "country": {"id": "ZA", "value": "South Africa"}, "countryiso3code": "ZAF", "date": "2020", "value": 79.4178502831612, "unit": "", "obs_status": "", "decimal": 1}, {"indicator": {"id": "AG.LND.AGRI.ZS", "value": "Agricultural land (% of land area)"}, "country": {"id": "ZA", "value": "South Africa"}, "countryiso3code": "ZAF", "date": "2019", "value": 79.4178502831612, "unit": "", "obs_status": "", "decimal": 1}, {"indicator": {"id": "AG.LND.AGRI.ZS", "value": "Agricultural land (% of land area)"}, "country": {"id": "ZA", "value": "South Africa"}, "countryiso3code": "ZAF", "date": "2018", "value": 79.4178502831612, "unit": "", "obs_status": "", "decimal": 1}, {"indicator": {"id": "AG.LND.AGRI.ZS", "value": "Agricultural land (% of land area)"}, "country": {"id": "ZA", "value": "South Africa"}, "countryiso3code": "ZAF", "date": "2017", "value": 79.4178502831612, "unit": "", "obs_status": "", "decimal": 1}, {"indicator": {"id": "AG.LND.AGRI.ZS", "value": "Agricultural land (% of land area)"}, "country": {"id": "ZA", "value": "South Africa"}, "countryiso3code": "ZAF", "date": "2016", "value": 79.4178502831612, "unit": "", "obs_status": "", "decimal": 1}, {"indicator": {"id": "AG.LND.AGRI.ZS", "value": "Agricultural land (% of land area)"}, "country": {"id": "ZA", "value": "South Africa"}, "countryiso3code": "ZAF", "date": "2015", "value": 79.4178502831612, "unit": "", "obs_status": "", "decimal": 1}, {"indicator": {"id": "AG.LND.AGRI.ZS", "value": "Agricultural land (% of land area)"}, "country": {"id": "ZA", "value": "South Africa"}, "countryiso3code": "ZAF", "date": "2014", "value": 79.4178502831612, "unit": "", "obs_status": "", "decimal": 1}, {"indicator": {"id": "AG.LND.AGRI.ZS", "value": "Agricultural land (% of land area)"}, "country": {"id": "ZA", "value": "South Africa"}, "countryiso3code": "ZAF", "date": "2013", "value": 79.4178502831612, "unit": "", "obs_status": "", "decimal": 1}, {"indicator": {"id": "AG.LND.AGRI.ZS", "value": "Agricultural land (% of land area)"}, "country": {"id": "ZA", "value": "South Africa"}, "countryiso3code": "ZAF", "date": "2012", "value": 79.4178502831612, "unit": "", "obs_status": "", "decimal": 1}, {"indicator": {"id": "AG.LND.AGRI.ZS", "value": "Agricultural land (% of land area)"}, "country": {"id": "ZA", "value": "South Africa"}, "countryiso3code": "ZAF", "date": "2011", "value": 79.4450535409574, "unit": "", "obs_status": "", "decimal": 1}, {"indicator": {"id": "AG.LND.AGRI.ZS", "value": "Agricultural land (% of land area)"}, "country": {"id": "ZA", "value": "South Africa"}, "countryiso3code": "ZAF", "date": "2010", "value": 79.871237913098, "unit": "", "obs_status": "", "decimal": 1}, {"indicator": {"id": "AG.LND.AGRI.ZS", "value": "Agricultural land (% of land area)"}, "country": {"id": "ZA", "value": "South Africa"}, "countryiso3code": "ZAF", "date": "2009", "value": 79.9511990041959, "unit": "", "obs_status": "", "decimal": 1}, {"indicator": {"id": "AG.LND.AGRI.ZS", "value": "Agricultural land (% of land area)"}, "country": {"id": "ZA", "value": "South Africa"}, "countryiso3code": "ZAF", "date": "2008", "value": 80.0501199416366, "unit": "", "obs_status": "", "decimal": 1}, {"indicator": {"id": "AG.LND.AGRI.ZS", "value": "Agricultural land (% of land area)"}, "country": {"id": "ZA", "value": "South Africa"}, "countryiso3code": "ZAF", "date": "2007", "value": 79.8704135719526, "unit": "", "obs_status": "", "decimal": 1}, {"indicator": {"id": "AG.LND.AGRI.ZS", "value": "Agricultural land (% of land area)"}, "country": {"id": "ZA", "value": "South Africa"}, "countryiso3code": "ZAF", "date": "2006", "value": 79.8687648896619, "unit": "", "obs_status": "", "decimal": 1}, {"indicator": {"id": "AG.LND.AGRI.ZS", "value": "Agricultural land (% of land area)"}, "country": {"id": "ZA", "value": "South Africa"}, "countryiso3code": "ZAF", "date": "2005", "value": 80.359247871139, "unit": "", "obs_status": "", "decimal": 1}, {"indicator": {"id": "AG.LND.AGRI.ZS", "value": "Agricultural land (% of land area)"}, "country": {"id": "ZA", "value": "South Africa"}, "countryiso3code": "ZAF", "date": "2004", "value": 80.4622905143064, "unit": "", "obs_status": "", "decimal": 1}, {"indicator": {"id": "AG.LND.AGRI.ZS", "value": "Agricultural land (% of land area)"}, "country": {"id": "ZA", "value": "South Africa"}, "countryiso3code": "ZAF", "date": "2003", "value": 80.7260796808151, "unit": "", "obs_status": "", "decimal": 1}, {"indicator": {"id": "AG.LND.AGRI.ZS", "value": "Agricultural land (% of land area)"}, "country": {"id": "ZA", "value": "South Africa"}, "countryiso3code": "ZAF", "date": "2002", "value": 80.8085137953491, "unit": "", "obs_status": "", "decimal": 1}, {"indicator": {"id": "AG.LND.AGRI.ZS", "value": "Agricultural land (% of land area)"}, "country": {"id": "ZA", "value": "South Africa"}, "countryiso3code": "ZAF", "date": "2001", "value": 80.796148678169, "unit": "", "obs_status": "", "decimal": 1}, {"indicator": {"id": "AG.LND.AGRI.ZS", "value": "Agricultural land (% of land area)"}, "country": {"id": "ZA", "value": "South Africa"}, "countryiso3code": "ZAF", "date": "2000", "value": 80.888474886447, "unit": "", "obs_status": "", "decimal": 1}]