[{"indicator": {"id": "AG.LND.FRST.ZS", "value": "Forest area (% of land area)"}, "country": {"id": "ZA", "value": "South Africa"}, "countryiso3code": "ZAF", "date": "2023", "value": 13.965072665672, "unit": "", "obs_status": "", "decimal": 1}, {"indicator": {"id": "AG.LND.FRST.ZS", "value": "Forest area (% of land area)"}, "country": {"id": "ZA", "value": "South Africa"}, "countryiso3code": "ZAF", "date": "2022", "value": 13.9950786833623, "unit": "", "obs_status": "", "decimal": 1}, {"indicator": {"id": "AG.LND.FRST.ZS", "value": "Forest area (% of land area)"}, "country": {"id": "ZA", "value": "South Africa"}, "countryiso3code": "ZAF", "date": "2021", "value": 14.0250847010527, "unit": "", "obs_status": "", "decimal": 1}, {"indicator": {"id": "AG.LND.FRST.ZS", "value": "Forest area (% of land area)"}, "country": {"id": "ZA", "value": "South Africa"}, "countryiso3code": "ZAF", "date": "2020", "value": 14.055090718743, "unit": "", "obs_status": "", "decimal": 1}, {"indicator": {"id": "AG.LND.FRST.ZS", "value": "Forest area (% of land area)"}, "country": {"id": "ZA", "value": "South Africa"}, "countryiso3code": "ZAF", "date": "2019", "value": 14.0850967364334, "unit": "", "obs_status": "", "decimal": 1}, {"indicator": {"id": "AG.LND.FRST.ZS", "value": "Forest area (% of land area)"}, "country": {"id": "ZA", "value": "South Africa"}, "countryiso3code": "ZAF", "date": "2018", "value": 14.1151027541238, "unit": "", "obs_status": "", "decimal": 1}, {"indicator": {"id": "AG.LND.FRST.ZS", "value": "Forest area (% of land area)"}, "country": {"id": "ZA", "value": "South Africa"}, "countryiso3code": "ZAF", "date": "2017", "value": 14.1451087718141, "unit": "", "obs_status": "", "decimal": 1}, {"indicator": {"id": "AG.LND.FRST.ZS", "value": "Forest area (% of land area)"}, "country": {"id": "ZA", "value": "South Africa"}, "countryiso3code": "ZAF", "date": "2016", "value": 14.1751147895045, "unit": "", "obs_status": "", "decimal": 1}, {"indicator": {"id": "AG.LND.FRST.ZS", "value": "Forest area (% of land area)"}, "country": {"id": "ZA", "value": "South Africa"}, "countryiso3code": "ZAF", "date": "2015", "value": 14.2051208071948, "unit": "", "obs_status": "", "decimal": 1}, {"indicator": {"id": "AG.LND.FRST.ZS", "value": "Forest area (% of land area)"}, "country": {"id": "ZA", "value": "South Africa"}, "countryiso3code": "ZAF", "date": "2014", "value": 14.2351268248852, "unit": "", "obs_status": "", "decimal": 1}, {"indicator": {"id": "AG.LND.FRST.ZS", "value": "Forest area (% of land area)"}, "country": {"id": "ZA", "value": "South Africa"}, "countryiso3code": "ZAF", "date": "2013", "value": 14.2651328425756, "unit": "", "obs_status": "", "decimal": 1}, {"indicator": {"id": "AG.LND.FRST.ZS", "value": "Forest area (% of land area)"}, "country": {"id": "ZA", "value": "South Africa"}, "countryiso3code": "ZAF", "date": "2012", "value": 14.2951388602659, "unit": "", "obs_status": "", "decimal": 1}, {"indicator": {"id": "AG.LND.FRST.ZS", "value": "Forest area (% of land area)"}, "country": {"id": "ZA", "value": "South Africa"}, "countryiso3code": "ZAF", "date": "2011", "value": 14.3251448779563, "unit": "", "obs_status": "", "decimal": 1}, {"indicator": {"id": "AG.LND.FRST.ZS", "value": "Forest area (% of land area)"}, "country": {"id": "ZA", "value": "South Africa"}, "countryiso3code": "ZAF", "date": "2010", "value": 14.3551508956467, "unit": "", "obs_status": "", "decimal": 1}, {"indicator": {"id": "AG.LND.FRST.ZS", "value": "Forest area (% of land area)"}, "country": {"id": "ZA", "value": "South Africa"}, "countryiso3code": "ZAF", "date": "2009", "value": 14.385156913337, "unit": "", "obs_status": "", "decimal": 1}, {"indicator": {"id": "AG.LND.FRST.ZS", "value": "Forest area (% of land area)"}, "country": {"id": "ZA", "value": "South Africa"}, "countryiso3code": "ZAF", "date": "2008", "value": 14.4151629310274, "unit": "", "obs_status": "", "decimal": 1}, {"indicator": {"id": "AG.LND.FRST.ZS", "value": "Forest area (% of land area)"}, "country": {"id": "ZA", "value": "South Africa"}, "countryiso3code": "ZAF", "date": "2007", "value": 14.4451689487177, "unit": "", "obs_status": "", "decimal": 1}, {"indicator": {"id": "AG.LND.FRST.ZS", "value": "Forest area (% of land area)"}, "country": {"id": "ZA", "value": "South Africa"}, "countryiso3code": "ZAF", "date": "2006", "value": 14.4751749664081, "unit": "", "obs_status": "", "decimal": 1}, {"indicator": {"id": "AG.LND.FRST.ZS", "value": "Forest area (% of land area)"}, "country": {"id": "ZA", "value": "South Africa"}, "countryiso3code": "ZAF", "date": "2005", "value": 14.5051809840985, "unit": "", "obs_status": "", "decimal": 1}, {"indicator": {"id": "AG.LND.FRST.ZS", "value": "Forest area (% of land area)"}, "country": {"id": "ZA", "value": "South Africa"}, "countryiso3code": "ZAF", "date": "2004", "value": 14.5351870017888, "unit": "", "obs_status": "", "decimal": 1}, {"indicator": {"id": "AG.LND.FRST.ZS", "value": "Forest area (% of land area)"}, "country": {"id": "ZA", "value": "South Africa"}, "countryiso3code": "ZAF", "date": "2003", "value": 14.5651930194792, "unit": "", "obs_status": "", "decimal": 1}, {"indicator": {"id": "AG.LND.FRST.ZS", "value": "Forest area (% of land area)"}, "country": {"id": "ZA", "value": "South Africa"}, "countryiso3code": "ZAF", "date": "2002", "value": 14.5951990371695, "unit": "", "obs_status": "", "decimal": 1}, {"indicator": {"id": "AG.LND.FRST.ZS", "value": "Forest area (% of land area)"}, "country": {"id": "ZA", "value": "South Africa"}, "countryiso3code": "ZAF", "date": "2001", "value": 14.6252050548599, "unit": "", "obs_status": "", "decimal": 1}, {"indicator": {"id": "AG.LND.FRST.ZS", "value": "Forest area (% of land area)"}, "country": {"id": "ZA", "value": "South Africa"}, "countryiso3code": "ZAF", "date": "2000", "value": 14.6552110725503, "unit": "", "obs_status": "", "decimal": 1}]